Pdb	number	Res1	Chain	AA_Allowed	MakeAla
RP5imkBA	52	R	N	AUTO	Y
RP5imkBA	53	W	N	AUTO	Y
RP5imkBA	54	N	N	AUTO	Y
RP5imkBA	56	G	N	AUTO	Y
RP5imkBA	57	S	N	AUTO	Y
RP5imkBA	100	R	N	AUTO	Y
RP5imkBA	101	W	N	AUTO	Y
RP5imkBA	102	D	N	AUTO	Y
RP5imkBA	103	K	N	AUTO	Y
RP5imkBA	104	Y	N	AUTO	Y
RP5imkBA	106	S	N	AUTO	Y
RP5imkBA	107	S	N	AUTO	Y
RP5imkBA	108	F	N	AUTO	Y
RP5imkBA	110	D	N	AUTO	Y
RP5imkBA	111	E	N	AUTO	Y
RP5imkBA	112	Y	N	AUTO	Y
RP5imkBA	113	D	N	AUTO	Y
RP5imlBA	52	R	N	AUTO	Y
RP5imlBA	53	W	N	AUTO	Y
RP5imlBA	54	N	N	AUTO	Y
RP5imlBA	56	G	N	AUTO	Y
RP5imlBA	57	S	N	AUTO	Y
RP5imlBA	100	R	N	AUTO	Y
RP5imlBA	101	W	N	AUTO	Y
RP5imlBA	102	D	N	AUTO	Y
RP5imlBA	103	K	N	AUTO	Y
RP5imlBA	104	Y	N	AUTO	Y
RP5imlBA	106	S	N	AUTO	Y
RP5imlBA	107	S	N	AUTO	Y
RP5imlBA	108	F	N	AUTO	Y
RP5imlBA	110	D	N	AUTO	Y
RP5imlBA	111	E	N	AUTO	Y
RP5imlBA	112	Y	N	AUTO	Y
RP5imlBA	113	D	N	AUTO	Y
RP5immBA	52	R	N	AUTO	Y
RP5immBA	53	W	N	AUTO	Y
RP5immBA	54	N	N	AUTO	Y
RP5immBA	56	G	N	AUTO	Y
RP5immBA	57	S	N	AUTO	Y
RP5immBA	100	R	N	AUTO	Y
RP5immBA	101	W	N	AUTO	Y
RP5immBA	102	D	N	AUTO	Y
RP5immBA	103	K	N	AUTO	Y
RP5immBA	104	Y	N	AUTO	Y
RP5immBA	106	S	N	AUTO	Y
RP5immBA	107	S	N	AUTO	Y
RP5immBA	108	F	N	AUTO	Y
RP5immBA	110	D	N	AUTO	Y
RP5immBA	111	E	N	AUTO	Y
RP5immBA	112	Y	N	AUTO	Y
RP5immBA	113	D	N	AUTO	Y
RP5imoBA	52	R	N	AUTO	Y
RP5imoBA	53	W	N	AUTO	Y
RP5imoBA	54	N	N	AUTO	Y
RP5imoBA	56	G	N	AUTO	Y
RP5imoBA	57	S	N	AUTO	Y
RP5imoBA	100	R	N	AUTO	Y
RP5imoBA	101	W	N	AUTO	Y
RP5imoBA	102	D	N	AUTO	Y
RP5imoBA	103	K	N	AUTO	Y
RP5imoBA	104	Y	N	AUTO	Y
RP5imoBA	106	S	N	AUTO	Y
RP5imoBA	107	S	N	AUTO	Y
RP5imoBA	108	F	N	AUTO	Y
RP5imoBA	110	D	N	AUTO	Y
RP5imoBA	111	E	N	AUTO	Y
RP5imoBA	112	Y	N	AUTO	Y
RP5imoBA	113	D	N	AUTO	Y
Shake5imkBA	52	R	N	AUTO	Y
Shake5imkBA	53	W	N	AUTO	Y
Shake5imkBA	54	N	N	AUTO	Y
Shake5imkBA	56	G	N	AUTO	Y
Shake5imkBA	57	S	N	AUTO	Y
Shake5imkBA	100	R	N	AUTO	Y
Shake5imkBA	101	W	N	AUTO	Y
Shake5imkBA	102	D	N	AUTO	Y
Shake5imkBA	103	K	N	AUTO	Y
Shake5imkBA	104	Y	N	AUTO	Y
Shake5imkBA	106	S	N	AUTO	Y
Shake5imkBA	107	S	N	AUTO	Y
Shake5imkBA	108	F	N	AUTO	Y
Shake5imkBA	110	D	N	AUTO	Y
Shake5imkBA	111	E	N	AUTO	Y
Shake5imkBA	112	Y	N	AUTO	Y
Shake5imkBA	113	D	N	AUTO	Y
Shake5imlBA	52	R	N	AUTO	Y
Shake5imlBA	53	W	N	AUTO	Y
Shake5imlBA	54	N	N	AUTO	Y
Shake5imlBA	56	G	N	AUTO	Y
Shake5imlBA	57	S	N	AUTO	Y
Shake5imlBA	100	R	N	AUTO	Y
Shake5imlBA	101	W	N	AUTO	Y
Shake5imlBA	102	D	N	AUTO	Y
Shake5imlBA	103	K	N	AUTO	Y
Shake5imlBA	104	Y	N	AUTO	Y
Shake5imlBA	106	S	N	AUTO	Y
Shake5imlBA	107	S	N	AUTO	Y
Shake5imlBA	108	F	N	AUTO	Y
Shake5imlBA	110	D	N	AUTO	Y
Shake5imlBA	111	E	N	AUTO	Y
Shake5imlBA	112	Y	N	AUTO	Y
Shake5imlBA	113	D	N	AUTO	Y
Shake5immBA	52	R	N	AUTO	Y
Shake5immBA	53	W	N	AUTO	Y
Shake5immBA	54	N	N	AUTO	Y
Shake5immBA	56	G	N	AUTO	Y
Shake5immBA	57	S	N	AUTO	Y
Shake5immBA	100	R	N	AUTO	Y
Shake5immBA	101	W	N	AUTO	Y
Shake5immBA	102	D	N	AUTO	Y
Shake5immBA	103	K	N	AUTO	Y
Shake5immBA	104	Y	N	AUTO	Y
Shake5immBA	106	S	N	AUTO	Y
Shake5immBA	107	S	N	AUTO	Y
Shake5immBA	108	F	N	AUTO	Y
Shake5immBA	110	D	N	AUTO	Y
Shake5immBA	111	E	N	AUTO	Y
Shake5immBA	112	Y	N	AUTO	Y
Shake5immBA	113	D	N	AUTO	Y
Shake5imoBA	52	R	N	AUTO	Y
Shake5imoBA	53	W	N	AUTO	Y
Shake5imoBA	54	N	N	AUTO	Y
Shake5imoBA	56	G	N	AUTO	Y
Shake5imoBA	57	S	N	AUTO	Y
Shake5imoBA	100	R	N	AUTO	Y
Shake5imoBA	101	W	N	AUTO	Y
Shake5imoBA	102	D	N	AUTO	Y
Shake5imoBA	103	K	N	AUTO	Y
Shake5imoBA	104	Y	N	AUTO	Y
Shake5imoBA	106	S	N	AUTO	Y
Shake5imoBA	107	S	N	AUTO	Y
Shake5imoBA	108	F	N	AUTO	Y
Shake5imoBA	110	D	N	AUTO	Y
Shake5imoBA	111	E	N	AUTO	Y
Shake5imoBA	112	Y	N	AUTO	Y
Shake5imoBA	113	D	N	AUTO	Y
5IMKBBmove1	52	R	N	AUTO	Y
5IMKBBmove1	53	W	N	AUTO	Y
5IMKBBmove1	54	N	N	AUTO	Y
5IMKBBmove1	56	G	N	AUTO	Y
5IMKBBmove1	57	S	N	AUTO	Y
5IMKBBmove1	100	R	N	AUTO	Y
5IMKBBmove1	101	W	N	AUTO	Y
5IMKBBmove1	102	D	N	AUTO	Y
5IMKBBmove1	103	K	N	AUTO	Y
5IMKBBmove1	104	Y	N	AUTO	Y
5IMKBBmove1	106	K	N	AUTO	Y
5IMKBBmove1	107	F	N	AUTO	Y
5IMKBBmove1	109	D	N	AUTO	Y
5IMKBBmove1	110	E	N	AUTO	Y
5IMKBBmove1	111	Y	N	AUTO	Y
5IMKBBmove1	112	D	N	AUTO	Y
5IMKBBmove2	52	R	N	AUTO	Y
5IMKBBmove2	53	W	N	AUTO	Y
5IMKBBmove2	54	N	N	AUTO	Y
5IMKBBmove2	56	G	N	AUTO	Y
5IMKBBmove2	57	S	N	AUTO	Y
5IMKBBmove2	100	R	N	AUTO	Y
5IMKBBmove2	101	W	N	AUTO	Y
5IMKBBmove2	102	D	N	AUTO	Y
5IMKBBmove2	103	K	N	AUTO	Y
5IMKBBmove2	104	Y	N	AUTO	Y
5IMKBBmove2	106	A	N	AUTO	Y
5IMKBBmove2	107	A	N	AUTO	Y
5IMKBBmove2	108	F	N	AUTO	Y
5IMKBBmove2	110	D	N	AUTO	Y
5IMKBBmove2	111	E	N	AUTO	Y
5IMKBBmove2	112	Y	N	AUTO	Y
5IMKBBmove2	113	D	N	AUTO	Y
5IMKBBmove3	52	R	N	AUTO	Y
5IMKBBmove3	53	W	N	AUTO	Y
5IMKBBmove3	54	N	N	AUTO	Y
5IMKBBmove3	56	G	N	AUTO	Y
5IMKBBmove3	57	S	N	AUTO	Y
5IMKBBmove3	100	R	N	AUTO	Y
5IMKBBmove3	101	W	N	AUTO	Y
5IMKBBmove3	102	D	N	AUTO	Y
5IMKBBmove3	103	K	N	AUTO	Y
5IMKBBmove3	104	Y	N	AUTO	Y
5IMKBBmove3	106	G	N	AUTO	Y
5IMKBBmove3	107	G	N	AUTO	Y
5IMKBBmove3	108	F	N	AUTO	Y
5IMKBBmove3	110	D	N	AUTO	Y
5IMKBBmove3	111	E	N	AUTO	Y
5IMKBBmove3	112	Y	N	AUTO	Y
5IMKBBmove3	113	D	N	AUTO	Y
5IMKBBmove4	52	R	N	AUTO	Y
5IMKBBmove4	53	W	N	AUTO	Y
5IMKBBmove4	54	N	N	AUTO	Y
5IMKBBmove4	56	G	N	AUTO	Y
5IMKBBmove4	57	S	N	AUTO	Y
5IMKBBmove4	100	R	N	AUTO	Y
5IMKBBmove4	101	W	N	AUTO	Y
5IMKBBmove4	102	D	N	AUTO	Y
5IMKBBmove4	103	K	N	AUTO	Y
5IMKBBmove4	104	Y	N	AUTO	Y
5IMKBBmove4	106	G	N	AUTO	Y
5IMKBBmove4	107	G	N	AUTO	Y
5IMKBBmove4	108	F	N	AUTO	Y
5IMKBBmove4	110	D	N	AUTO	Y
5IMKBBmove4	111	E	N	AUTO	Y
5IMKBBmove4	112	Y	N	AUTO	Y
5IMKBBmove4	113	D	N	AUTO	Y
5IMKBBmove5	52	R	N	AUTO	Y
5IMKBBmove5	53	W	N	AUTO	Y
5IMKBBmove5	54	N	N	AUTO	Y
5IMKBBmove5	56	G	N	AUTO	Y
5IMKBBmove5	57	S	N	AUTO	Y
5IMKBBmove5	100	R	N	AUTO	Y
5IMKBBmove5	101	W	N	AUTO	Y
5IMKBBmove5	102	D	N	AUTO	Y
5IMKBBmove5	103	K	N	AUTO	Y
5IMKBBmove5	104	Y	N	AUTO	Y
5IMKBBmove5	106	G	N	AUTO	Y
5IMKBBmove5	107	G	N	AUTO	Y
5IMKBBmove5	108	F	N	AUTO	Y
5IMKBBmove5	110	D	N	AUTO	Y
5IMKBBmove5	111	E	N	AUTO	Y
5IMKBBmove5	112	Y	N	AUTO	Y
5IMKBBmove5	113	D	N	AUTO	Y
5IMKBBmove6	52	R	N	AUTO	Y
5IMKBBmove6	53	W	N	AUTO	Y
5IMKBBmove6	54	N	N	AUTO	Y
5IMKBBmove6	56	G	N	AUTO	Y
5IMKBBmove6	57	S	N	AUTO	Y
5IMKBBmove6	100	R	N	AUTO	Y
5IMKBBmove6	101	W	N	AUTO	Y
5IMKBBmove6	102	D	N	AUTO	Y
5IMKBBmove6	103	K	N	AUTO	Y
5IMKBBmove6	104	Y	N	AUTO	Y
5IMKBBmove6	106	G	N	AUTO	Y
5IMKBBmove6	107	G	N	AUTO	Y
5IMKBBmove6	108	F	N	AUTO	Y
5IMKBBmove6	110	D	N	AUTO	Y
5IMKBBmove6	111	E	N	AUTO	Y
5IMKBBmove6	112	Y	N	AUTO	Y
5IMKBBmove6	113	D	N	AUTO	Y
5IMKBBmove7	52	R	N	AUTO	Y
5IMKBBmove7	53	W	N	AUTO	Y
5IMKBBmove7	54	N	N	AUTO	Y
5IMKBBmove7	56	G	N	AUTO	Y
5IMKBBmove7	57	S	N	AUTO	Y
5IMKBBmove7	100	R	N	AUTO	Y
5IMKBBmove7	101	W	N	AUTO	Y
5IMKBBmove7	102	D	N	AUTO	Y
5IMKBBmove7	103	K	N	AUTO	Y
5IMKBBmove7	104	Y	N	AUTO	Y
5IMKBBmove7	106	G	N	AUTO	Y
5IMKBBmove7	107	G	N	AUTO	Y
5IMKBBmove7	108	F	N	AUTO	Y
5IMKBBmove7	110	D	N	AUTO	Y
5IMKBBmove7	111	E	N	AUTO	Y
5IMKBBmove7	112	Y	N	AUTO	Y
5IMKBBmove7	113	D	N	AUTO	Y
5IMKBBmove8	52	R	N	AUTO	Y
5IMKBBmove8	53	W	N	AUTO	Y
5IMKBBmove8	54	N	N	AUTO	Y
5IMKBBmove8	56	G	N	AUTO	Y
5IMKBBmove8	57	S	N	AUTO	Y
5IMKBBmove8	100	R	N	AUTO	Y
5IMKBBmove8	101	W	N	AUTO	Y
5IMKBBmove8	102	D	N	AUTO	Y
5IMKBBmove8	103	K	N	AUTO	Y
5IMKBBmove8	104	Y	N	AUTO	Y
5IMKBBmove8	106	S	N	AUTO	Y
5IMKBBmove8	107	S	N	AUTO	Y
5IMKBBmove8	108	F	N	AUTO	Y
5IMKBBmove8	110	D	N	AUTO	Y
5IMKBBmove8	111	E	N	AUTO	Y
5IMKBBmove8	112	Y	N	AUTO	Y
5IMKBBmove8	113	D	N	AUTO	Y
5IMKBBmove9	52	R	N	AUTO	Y
5IMKBBmove9	53	W	N	AUTO	Y
5IMKBBmove9	54	N	N	AUTO	Y
5IMKBBmove9	56	G	N	AUTO	Y
5IMKBBmove9	57	S	N	AUTO	Y
5IMKBBmove9	100	R	N	AUTO	Y
5IMKBBmove9	101	W	N	AUTO	Y
5IMKBBmove9	102	D	N	AUTO	Y
5IMKBBmove9	103	K	N	AUTO	Y
5IMKBBmove9	104	Y	N	AUTO	Y
5IMKBBmove9	106	K	N	AUTO	Y
5IMKBBmove9	107	E	N	AUTO	Y
5IMKBBmove9	108	F	N	AUTO	Y
5IMKBBmove9	110	D	N	AUTO	Y
5IMKBBmove9	111	E	N	AUTO	Y
5IMKBBmove9	112	Y	N	AUTO	Y
5IMKBBmove9	113	D	N	AUTO	Y
5IMKBBmove10	52	R	N	AUTO	Y
5IMKBBmove10	53	W	N	AUTO	Y
5IMKBBmove10	54	N	N	AUTO	Y
5IMKBBmove10	56	G	N	AUTO	Y
5IMKBBmove10	57	S	N	AUTO	Y
5IMKBBmove10	100	R	N	AUTO	Y
5IMKBBmove10	101	W	N	AUTO	Y
5IMKBBmove10	102	D	N	AUTO	Y
5IMKBBmove10	103	K	N	AUTO	Y
5IMKBBmove10	104	Y	N	AUTO	Y
5IMKBBmove10	106	A	N	AUTO	Y
5IMKBBmove10	107	A	N	AUTO	Y
5IMKBBmove10	108	F	N	AUTO	Y
5IMKBBmove10	110	D	N	AUTO	Y
5IMKBBmove10	111	E	N	AUTO	Y
5IMKBBmove10	112	Y	N	AUTO	Y
5IMKBBmove10	113	D	N	AUTO	Y
5IMKBBmove11	52	R	N	AUTO	Y
5IMKBBmove11	53	W	N	AUTO	Y
5IMKBBmove11	54	N	N	AUTO	Y
5IMKBBmove11	56	G	N	AUTO	Y
5IMKBBmove11	57	S	N	AUTO	Y
5IMKBBmove11	100	R	N	AUTO	Y
5IMKBBmove11	101	W	N	AUTO	Y
5IMKBBmove11	102	D	N	AUTO	Y
5IMKBBmove11	103	K	N	AUTO	Y
5IMKBBmove11	104	Y	N	AUTO	Y
5IMKBBmove11	106	A	N	AUTO	Y
5IMKBBmove11	107	A	N	AUTO	Y
5IMKBBmove11	108	F	N	AUTO	Y
5IMKBBmove11	110	D	N	AUTO	Y
5IMKBBmove11	111	E	N	AUTO	Y
5IMKBBmove11	112	Y	N	AUTO	Y
5IMKBBmove11	113	D	N	AUTO	Y
5IMKBBmove12	52	R	N	AUTO	Y
5IMKBBmove12	53	W	N	AUTO	Y
5IMKBBmove12	54	N	N	AUTO	Y
5IMKBBmove12	56	G	N	AUTO	Y
5IMKBBmove12	57	S	N	AUTO	Y
5IMKBBmove12	100	R	N	AUTO	Y
5IMKBBmove12	101	W	N	AUTO	Y
5IMKBBmove12	102	D	N	AUTO	Y
5IMKBBmove12	103	K	N	AUTO	Y
5IMKBBmove12	104	Y	N	AUTO	Y
5IMKBBmove12	106	A	N	AUTO	Y
5IMKBBmove12	107	A	N	AUTO	Y
5IMKBBmove12	108	F	N	AUTO	Y
5IMKBBmove12	110	D	N	AUTO	Y
5IMKBBmove12	111	E	N	AUTO	Y
5IMKBBmove12	112	Y	N	AUTO	Y
5IMKBBmove12	113	D	N	AUTO	Y
5IMKBBmove13	52	R	N	AUTO	Y
5IMKBBmove13	53	W	N	AUTO	Y
5IMKBBmove13	54	N	N	AUTO	Y
5IMKBBmove13	56	G	N	AUTO	Y
5IMKBBmove13	57	S	N	AUTO	Y
5IMKBBmove13	100	R	N	AUTO	Y
5IMKBBmove13	101	W	N	AUTO	Y
5IMKBBmove13	102	D	N	AUTO	Y
5IMKBBmove13	103	K	N	AUTO	Y
5IMKBBmove13	104	Y	N	AUTO	Y
5IMKBBmove13	106	E	N	AUTO	Y
5IMKBBmove13	107	H	N	AUTO	Y
5IMKBBmove13	108	F	N	AUTO	Y
5IMKBBmove13	110	D	N	AUTO	Y
5IMKBBmove13	111	E	N	AUTO	Y
5IMKBBmove13	112	Y	N	AUTO	Y
5IMKBBmove13	113	D	N	AUTO	Y
5IMKBBmove14	52	R	N	AUTO	Y
5IMKBBmove14	53	W	N	AUTO	Y
5IMKBBmove14	54	N	N	AUTO	Y
5IMKBBmove14	56	G	N	AUTO	Y
5IMKBBmove14	57	S	N	AUTO	Y
5IMKBBmove14	100	R	N	AUTO	Y
5IMKBBmove14	101	W	N	AUTO	Y
5IMKBBmove14	102	D	N	AUTO	Y
5IMKBBmove14	103	K	N	AUTO	Y
5IMKBBmove14	104	Y	N	AUTO	Y
5IMKBBmove14	106	E	N	AUTO	Y
5IMKBBmove14	107	H	N	AUTO	Y
5IMKBBmove14	108	F	N	AUTO	Y
5IMKBBmove14	110	D	N	AUTO	Y
5IMKBBmove14	111	E	N	AUTO	Y
5IMKBBmove14	112	Y	N	AUTO	Y
5IMKBBmove14	113	D	N	AUTO	Y